{
  "last_startup": 1772698395.512275,
  "startup_count": 31,
  "version": "1.0.0",
  "last_shutdown": 1757017021.1144762
}