{
  "last_startup": 1757160248.7133398,
  "startup_count": 15,
  "version": "1.0.0",
  "last_shutdown": 1757017021.1144762
}