{
  "last_startup": 1757017042.1822886,
  "startup_count": 11,
  "version": "1.0.0",
  "last_shutdown": 1757017021.1144762
}