{
  "last_startup": 1757379844.05342,
  "startup_count": 16,
  "version": "1.0.0",
  "last_shutdown": 1757017021.1144762
}