{
  "last_startup": 1757062102.4703305,
  "startup_count": 14,
  "version": "1.0.0",
  "last_shutdown": 1757017021.1144762
}