{
  "last_startup": 1772698823.249868,
  "startup_count": 32,
  "version": "1.0.0",
  "last_shutdown": 1757017021.1144762
}