{
  "last_startup": 1757734156.825509,
  "startup_count": 27,
  "version": "1.0.0",
  "last_shutdown": 1757017021.1144762
}