{
  "last_startup": 1757031392.5047255,
  "startup_count": 12,
  "version": "1.0.0",
  "last_shutdown": 1757017021.1144762
}