{
  "last_startup": 1757673724.693266,
  "startup_count": 18,
  "version": "1.0.0",
  "last_shutdown": 1757017021.1144762
}