{
  "last_startup": 1757095732.58865,
  "startup_count": 39,
  "version": "1.0.0",
  "last_shutdown": 1757095646.147722
}