{
  "last_startup": 1757016542.1673224,
  "startup_count": 5,
  "version": "1.0.0",
  "last_shutdown": 1757016572.8611856
}