{
  "last_startup": 1757081022.847948,
  "startup_count": 29,
  "version": "1.0.0",
  "last_shutdown": 1757081016.9445505
}