{
  "last_startup": 1757056446.860223,
  "startup_count": 12,
  "version": "1.0.0",
  "last_shutdown": 1757056406.6298518
}