{
  "last_startup": 1757077328.6924253,
  "startup_count": 19,
  "version": "1.0.0",
  "last_shutdown": 1757066421.8974962
}