{
  "last_startup": 1757051476.3706703,
  "startup_count": 9,
  "version": "1.0.0",
  "last_shutdown": 1757033660.0291865
}