{
  "last_startup": 1757240733.263896,
  "startup_count": 76,
  "version": "1.0.0",
  "last_shutdown": 1757118444.349695
}