{
  "last_startup": 1757066428.03848,
  "startup_count": 18,
  "version": "1.0.0",
  "last_shutdown": 1757066421.8974962
}