{
  "last_startup": 1757096063.686765,
  "startup_count": 40,
  "version": "1.0.0",
  "last_shutdown": 1757096013.103325
}