{
  "last_startup": 1757065222.9171948,
  "startup_count": 13,
  "version": "1.0.0",
  "last_shutdown": 1757056406.6298518
}