{
  "last_startup": 1757033687.5264838,
  "startup_count": 8,
  "version": "1.0.0",
  "last_shutdown": 1757033660.0291865
}