{
  "last_startup": 1757092524.5555477,
  "startup_count": 30,
  "version": "1.0.0",
  "last_shutdown": 1757081016.9445505
}